step,system_total_running,system_total_backlogged,system_total_stopped,system_total_arrived,system_total_departed,system_total_teleported,system_total_waiting_time,system_mean_waiting_time,system_mean_speed,t_stopped,t_accumulated_waiting_time,t_average_speed,agents_total_stopped,agents_total_accumulated_waiting_time,episode,global_step
5.0,2,0,0,0,2,0,0.0,0.0,14.111477387412322,0,0.0,0.9375731913494598,0,0.0,1,260.0
10.0,5,0,0,0,5,0,0.0,0.0,13.980458855546072,0,0.0,0.9584789133238258,0,0.0,1,265.0
15.0,10,0,0,0,10,0,0.0,0.0,10.453643636416158,0,0.0,0.7476957586032412,0,0.0,1,270.0
20.0,12,0,4,0,12,0,12.0,1.0,7.328286007467507,4,12.0,0.5489502401844236,4,12.0,1,275.0
25.0,14,0,6,0,14,0,39.0,2.7857142857142856,4.183559613536883,6,39.0,0.2539328812712824,6,39.0,1,280.0
30.0,16,0,11,0,16,0,87.0,5.4375,3.790815924171431,11,87.0,0.2155287635577225,11,87.0,1,285.0
35.0,16,0,12,1,17,0,145.0,9.0625,2.320853096934311,12,145.0,0.12778818195757,12,145.0,1,290.0
40.0,18,0,8,1,19,0,82.0,4.555555555555555,3.4148472029136743,8,156.0,0.185872485799929,8,156.0,1,295.0
45.0,20,0,0,2,22,0,0.0,0.0,8.479446159248088,0,96.0,0.5120107503740584,0,96.0,1,300.0
50.0,23,0,0,2,25,0,0.0,0.0,11.251850729398877,0,14.0,0.6863269267913428,0,14.0,1,305.0
55.0,21,0,2,6,27,0,5.0,0.238095238095238,10.889557334179642,2,5.0,0.6818102378657552,2,5.0,1,310.0
60.0,20,0,3,10,30,0,16.0,0.8,10.385474874031544,3,16.0,0.606607319049964,3,16.0,1,315.0
65.0,16,0,4,15,31,0,34.0,2.125,9.454753812442352,4,34.0,0.4670505619422103,4,34.0,1,320.0
70.0,16,0,0,20,36,0,0.0,0.0,10.2973133292358,0,15.0,0.6948065981781282,0,15.0,1,325.0
75.0,18,0,1,22,40,0,3.0,0.1666666666666666,11.399271371105062,1,3.0,0.7561543575655404,1,3.0,1,330.0
80.0,19,0,5,24,43,0,16.0,0.8421052631578947,9.134274175401291,5,16.0,0.5223510192444405,5,16.0,1,335.0
85.0,20,0,7,28,48,0,44.0,2.2,6.501433182263627,7,44.0,0.3890029237606576,7,44.0,1,340.0
90.0,23,0,5,30,53,0,19.0,0.8260869565217391,6.675317047457725,5,54.0,0.4660255652102063,5,54.0,1,345.0
95.0,28,0,1,30,58,0,4.0,0.1428571428571428,8.668671081711128,1,27.0,0.542700725123616,1,27.0,1,350.0
100.0,31,0,5,31,62,0,20.0,0.6451612903225806,9.109565941052995,5,20.0,0.5151327851733225,5,20.0,1,355.0
105.0,31,0,6,35,66,0,48.0,1.5483870967741935,9.309438647074154,6,48.0,0.5340215004623381,6,48.0,1,360.0
110.0,30,0,7,40,70,0,83.0,2.7666666666666666,8.99230313388454,7,83.0,0.519919300615267,7,83.0,1,365.0
115.0,29,0,8,44,73,0,122.0,4.206896551724138,8.877346326987997,8,122.0,0.4778395917416179,8,122.0,1,370.0
120.0,29,0,3,49,78,0,26.0,0.896551724137931,8.78193635865462,3,106.0,0.5435723697737305,3,106.0,1,375.0
125.0,28,0,3,54,82,0,6.0,0.2142857142857142,9.334741074103786,3,33.0,0.5810526285367518,3,33.0,1,380.0
130.0,31,0,7,57,88,0,30.0,0.967741935483871,8.886133591561272,7,30.0,0.4725902382009859,7,30.0,1,385.0
135.0,29,0,11,62,91,0,77.0,2.655172413793104,6.620280424023738,11,77.0,0.3374048908347279,11,77.0,1,390.0
140.0,29,0,8,66,95,0,54.0,1.862068965517241,5.081849457415493,8,102.0,0.277471594408996,8,102.0,1,395.0
145.0,29,0,6,70,99,0,17.0,0.5862068965517241,5.958608087396268,6,90.0,0.3364892853592111,6,90.0,1,400.0
150.0,33,0,3,70,103,0,26.0,0.7878787878787878,7.805726105169063,3,62.0,0.4021875418272031,3,62.0,1,405.0
155.0,32,0,2,73,105,0,4.0,0.125,7.655136181912603,2,45.0,0.4182333582248028,2,45.0,1,410.0
160.0,29,0,7,79,108,0,29.0,1.0,6.446315503999986,7,58.0,0.2805841652977793,7,58.0,1,415.0
165.0,30,0,12,82,112,0,80.0,2.6666666666666665,5.519734855617767,12,109.0,0.260823463559848,12,109.0,1,420.0
170.0,30,0,12,86,116,0,75.0,2.5,4.645089600961623,12,139.0,0.2688792094128505,12,139.0,1,425.0
175.0,35,0,7,88,123,0,35.0,1.0,7.088690677879986,7,122.0,0.427109746928918,7,122.0,1,430.0
180.0,35,0,2,89,124,0,8.0,0.2285714285714285,7.523587290706179,2,76.0,0.3417028244421236,2,76.0,1,435.0
185.0,35,0,4,93,128,0,28.0,0.8,8.161137464215319,4,63.0,0.4285510046666537,4,63.0,1,440.0
190.0,36,0,1,97,133,0,3.0,0.0833333333333333,7.860575055280312,1,47.0,0.4898662597085508,1,47.0,1,445.0
195.0,37,0,5,102,139,0,18.0,0.4864864864864865,7.415817250874892,5,41.0,0.4227845968705607,5,41.0,1,450.0
200.0,34,0,12,107,141,0,63.0,1.8529411764705883,4.977661744384564,12,83.0,0.1790624884871398,12,83.0,1,455.0
205.0,34,0,17,111,145,0,142.0,4.176470588235294,4.119502680799704,17,164.0,0.1921511089874933,17,164.0,1,460.0
210.0,36,0,24,115,151,0,253.0,7.027777777777778,2.883331536413316,24,275.0,0.1460100106516799,24,275.0,1,465.0
215.0,41,0,23,116,157,0,252.0,6.146341463414634,2.9416332585325944,23,346.0,0.1778702655759686,23,346.0,1,470.0
220.0,45,0,18,117,162,0,185.0,4.111111111111111,3.820643263515001,18,353.0,0.1839277138304788,18,353.0,1,475.0
225.0,45,0,17,118,163,0,126.0,2.8,5.578579295846651,17,330.0,0.2177722615140317,17,330.0,1,480.0
230.0,41,2,11,122,163,0,84.0,2.048780487804878,6.348274126170593,11,324.0,0.2758342989366706,11,324.0,1,485.0
235.0,37,4,7,127,164,0,62.0,1.6756756756756757,7.640575653712355,7,262.0,0.3733376958491905,7,262.0,1,490.0
240.0,36,4,7,131,167,0,97.0,2.6944444444444446,8.636713671566342,7,207.0,0.4897474201438096,7,207.0,1,495.0
245.0,38,0,7,136,174,0,132.0,3.473684210526316,8.816594958618317,7,192.0,0.5358037998718156,7,192.0,1,500.0
250.0,34,0,3,142,176,0,21.0,0.6176470588235294,7.77524384804056,3,147.0,0.4321689184397034,3,147.0,1,505.0
5.0,3,0,0,0,3,0,0.0,0.0,13.528632935642724,0,0.0,0.9612326748198856,0,0.0,2,515.0
10.0,7,0,0,0,7,0,0.0,0.0,12.776367331915562,0,0.0,0.95479213796952,0,0.0,2,520.0
15.0,7,0,1,0,7,0,1.0,0.1428571428571428,10.41991678632156,1,1.0,0.7300257788400293,1,1.0,2,525.0
20.0,8,0,2,0,8,0,8.0,1.0,8.774304422184569,2,8.0,0.5499002296814466,2,8.0,2,530.0
25.0,9,0,0,1,10,0,0.0,0.0,7.70414177064105,0,0.0,0.5621100714182445,0,0.0,2,535.0
30.0,11,0,1,2,13,0,3.0,0.2727272727272727,11.86809768895044,1,3.0,0.8064149631163854,1,3.0,2,540.0
35.0,12,0,1,2,14,0,8.0,0.6666666666666666,10.515843231444146,1,8.0,0.631234531652506,1,8.0,2,545.0
40.0,11,0,3,4,15,0,18.0,1.6363636363636365,9.261276523742197,3,18.0,0.4735257430821976,3,18.0,2,550.0
45.0,9,0,0,7,16,0,0.0,0.0,9.703678899201428,0,4.0,0.6367592233869555,0,4.0,2,555.0
50.0,9,0,0,9,18,0,0.0,0.0,11.844398521542438,0,0.0,0.8361856790342374,0,0.0,2,560.0
55.0,11,0,1,10,21,0,1.0,0.0909090909090909,11.00608172195527,1,1.0,0.757196485258047,1,1.0,2,565.0
60.0,10,0,2,13,23,0,7.0,0.7,10.46970206133826,2,7.0,0.7134715612490768,2,7.0,2,570.0
65.0,11,0,3,14,25,0,18.0,1.6363636363636365,8.267734095565677,3,18.0,0.5396394649907944,3,18.0,2,575.0
70.0,12,0,0,15,27,0,0.0,0.0,8.648765442433985,0,5.0,0.5958144541845785,0,5.0,2,580.0
75.0,16,0,1,16,32,0,5.0,0.3125,10.832976022325347,1,5.0,0.726289082783528,1,5.0,2,585.0
80.0,17,0,2,17,34,0,15.0,0.8823529411764706,11.366495809509118,2,15.0,0.7291746466326046,2,15.0,2,590.0
85.0,16,0,2,21,37,0,25.0,1.5625,10.658597127452795,2,25.0,0.6451464297284313,2,25.0,2,595.0
90.0,20,0,0,24,44,0,0.0,0.0,10.36736925999286,0,1.0,0.7063073512178514,0,1.0,2,600.0
95.0,23,0,4,26,49,0,16.0,0.6956521739130435,10.553189506915492,4,16.0,0.6652095370884764,4,16.0,2,605.0
100.0,26,0,6,28,54,0,40.0,1.5384615384615383,8.782131230037802,6,40.0,0.4814102292352458,6,40.0,2,610.0
105.0,25,0,11,32,57,0,87.0,3.48,5.70591740523527,11,87.0,0.2583814707397514,11,87.0,2,615.0
110.0,25,0,17,34,59,0,158.0,6.32,3.964962588434986,17,158.0,0.1609386072427136,17,158.0,2,620.0
115.0,26,0,19,36,62,0,249.0,9.576923076923077,2.705420202004728,19,249.0,0.1264959063905435,19,249.0,2,625.0
120.0,27,0,21,38,65,0,352.0,13.037037037037036,1.8663311537905451,21,352.0,0.1366516221187165,21,352.0,2,630.0
125.0,30,0,20,38,68,0,279.0,9.3,1.8203462628122165,20,394.0,0.1045022148636485,20,394.0,2,635.0
130.0,32,0,12,38,70,0,131.0,4.09375,4.352985006251892,12,334.0,0.195769362076944,12,334.0,2,640.0
135.0,35,0,6,38,73,0,48.0,1.3714285714285714,7.082064685119931,6,259.0,0.3258313320650436,6,259.0,2,645.0
140.0,36,0,2,41,77,0,20.0,0.5555555555555556,8.8261412843508,2,149.0,0.4693623375782437,2,149.0,2,650.0
145.0,33,0,1,46,79,0,2.0,0.0606060606060606,7.709885429902065,1,131.0,0.3973828254355367,1,131.0,2,655.0
150.0,30,0,7,52,82,0,26.0,0.8666666666666667,6.8950663222592725,7,155.0,0.3225102338043739,7,155.0,2,660.0
155.0,30,0,12,56,86,0,76.0,2.533333333333333,4.7210513052747896,12,205.0,0.2283766271486557,12,205.0,2,665.0
160.0,30,0,13,60,90,0,74.0,2.466666666666667,4.011316436369723,13,216.0,0.2516968221983377,13,216.0,2,670.0
165.0,31,0,8,61,92,0,37.0,1.1935483870967742,4.996047010229109,8,148.0,0.2297877517141434,8,148.0,2,675.0
170.0,35,0,5,61,96,0,16.0,0.4571428571428571,6.939462816747042,5,97.0,0.3024649799335693,5,97.0,2,680.0
175.0,35,0,4,65,100,0,28.0,0.8,8.186297593613618,4,77.0,0.4495243772773368,4,77.0,2,685.0
180.0,34,0,4,70,104,0,48.0,1.411764705882353,9.39708373459844,4,64.0,0.5823317102272172,4,64.0,2,690.0
185.0,33,0,5,75,108,0,70.0,2.121212121212121,9.768457499515412,5,70.0,0.6040444446331229,5,70.0,2,695.0
190.0,31,0,2,79,110,0,3.0,0.0967741935483871,7.460724457961356,2,45.0,0.3745034209333124,2,45.0,2,700.0
195.0,29,0,8,85,114,0,33.0,1.137931034482759,7.558284920626407,8,33.0,0.3460627309948862,8,33.0,2,705.0
200.0,28,0,12,89,117,0,87.0,3.107142857142857,6.190894408507447,12,87.0,0.2369591977497018,12,87.0,2,710.0
205.0,27,0,10,94,121,0,66.0,2.4444444444444446,5.774570435569439,10,117.0,0.321750945954108,10,117.0,2,715.0
210.0,26,0,2,98,124,0,5.0,0.1923076923076923,6.509142874971611,2,80.0,0.3370522918404951,2,80.0,2,720.0
215.0,30,0,1,98,128,0,5.0,0.1666666666666666,8.448808960244117,1,34.0,0.44078831988419,1,34.0,2,725.0
220.0,30,0,2,102,132,0,3.0,0.1,7.351781450483823,2,32.0,0.4090645289414781,2,32.0,2,730.0
225.0,30,0,7,106,136,0,27.0,0.9,5.644197869755049,7,56.0,0.3058688945859355,7,56.0,2,735.0
230.0,29,0,13,110,139,0,80.0,2.7586206896551726,4.095983474916665,13,109.0,0.1790005413823995,13,109.0,2,740.0
235.0,31,0,14,112,143,0,81.0,2.6129032258064515,3.637233232601039,14,144.0,0.1934763777598852,14,144.0,2,745.0
240.0,36,0,10,113,149,0,47.0,1.3055555555555556,5.341138449093233,10,142.0,0.2636636207750951,10,142.0,2,750.0
245.0,39,0,7,114,153,0,29.0,0.7435897435897436,6.4325024984919,7,122.0,0.2606686121764657,7,122.0,2,755.0
250.0,38,1,4,118,156,0,26.0,0.6842105263157895,6.369201994983146,4,104.0,0.2589720530381431,4,104.0,2,760.0
5.0,5,0,0,0,5,0,0.0,0.0,13.15617684130691,0,0.0,0.9708969045276842,0,0.0,3,770.0
10.0,10,0,0,0,10,0,0.0,0.0,13.369683342865097,0,0.0,0.9639136782687836,0,0.0,3,775.0
15.0,13,0,1,0,13,0,2.0,0.1538461538461538,11.27951768580854,1,2.0,0.8189263414604232,1,2.0,3,780.0
20.0,19,0,3,0,19,0,13.0,0.6842105263157895,9.836230323402734,3,13.0,0.6294056751349254,3,13.0,3,785.0
25.0,22,0,0,0,22,0,0.0,0.0,9.26033953567112,0,11.0,0.6259769767034873,0,11.0,3,790.0
30.0,22,0,1,4,26,0,1.0,0.0454545454545454,9.66647064022047,1,1.0,0.6140801294702397,1,1.0,3,795.0
35.0,27,0,4,5,32,0,15.0,0.5555555555555556,10.320910054857483,4,15.0,0.664401002221864,4,15.0,3,800.0
40.0,26,0,5,8,34,0,38.0,1.4615384615384617,8.99640673723785,5,38.0,0.5144127985622103,5,38.0,3,805.0
45.0,23,0,9,13,36,0,76.0,3.3043478260869565,6.977214143224413,9,76.0,0.2687965263006479,9,76.0,3,810.0
50.0,23,0,11,17,40,0,128.0,5.565217391304348,6.471404419373518,11,128.0,0.3219899629078554,11,128.0,3,815.0
55.0,25,0,12,19,44,0,186.0,7.44,6.682858408885709,12,186.0,0.4103684740072471,12,186.0,3,820.0
60.0,24,0,6,23,47,0,88.0,3.6666666666666665,5.2557798930837984,6,180.0,0.351638395288441,6,180.0,3,825.0
65.0,31,0,4,23,54,0,14.0,0.4516129032258064,8.089250716800338,4,112.0,0.51025992439114,4,112.0,3,830.0
70.0,33,0,7,24,57,0,44.0,1.3333333333333333,8.677473108647114,7,48.0,0.4595555534638674,7,48.0,3,835.0
75.0,34,0,11,28,62,0,93.0,2.735294117647059,7.428294607056562,11,93.0,0.3543577502122643,11,93.0,3,840.0
80.0,30,0,11,34,64,0,63.0,2.1,4.58944501839614,11,120.0,0.1913117677609354,11,120.0,3,845.0
85.0,30,0,6,39,69,0,27.0,0.9,6.437190854037485,6,98.0,0.3523722664027383,6,98.0,3,850.0
90.0,34,0,4,39,73,0,36.0,1.0588235294117647,8.20297675513433,4,72.0,0.4381269116195973,4,72.0,3,855.0
95.0,34,0,4,43,77,0,56.0,1.6470588235294117,9.119354175839057,4,63.0,0.5237715521040172,4,63.0,3,860.0
100.0,34,0,6,49,83,0,84.0,2.4705882352941178,9.464956088169243,6,84.0,0.5943389035148353,6,84.0,3,865.0
105.0,33,0,4,53,86,0,8.0,0.2424242424242424,7.997827968250528,4,64.0,0.4540004278773067,4,64.0,3,870.0
110.0,32,0,6,58,90,0,23.0,0.71875,8.199763884097367,6,30.0,0.4558505841449682,6,30.0,3,875.0
115.0,29,0,11,63,92,0,69.0,2.3793103448275863,6.646843409674782,11,69.0,0.2586428375916732,11,69.0,3,880.0
120.0,28,0,9,67,95,0,52.0,1.8571428571428568,5.699528998472777,9,97.0,0.262400154079388,9,97.0,3,885.0
125.0,25,0,2,72,97,0,4.0,0.16,6.554597482313352,2,75.0,0.3217844835464703,2,75.0,3,890.0
130.0,27,0,1,74,101,0,7.0,0.2592592592592592,9.880931162716946,1,30.0,0.5935007617421931,1,30.0,3,895.0
135.0,29,0,2,77,106,0,14.0,0.4827586206896552,10.8359579255482,2,15.0,0.711107284543273,2,15.0,3,900.0
140.0,24,0,2,83,107,0,3.0,0.125,8.64643606357744,2,4.0,0.5521736557217916,2,4.0,3,905.0
145.0,24,0,6,87,111,0,21.0,0.875,7.2114676390688786,6,22.0,0.3584849003022556,6,22.0,3,910.0
150.0,22,0,11,92,114,0,65.0,2.9545454545454546,6.388960936311445,11,66.0,0.3681178663392455,11,66.0,3,915.0
155.0,24,0,12,95,119,0,121.0,5.041666666666667,5.524119835097333,12,122.0,0.316701108737524,12,122.0,3,920.0
160.0,28,0,15,96,124,0,190.0,6.785714285714286,4.462241205065909,15,191.0,0.2556728055200627,15,191.0,3,925.0
165.0,29,0,19,98,127,0,279.0,9.620689655172416,2.9827839112144896,19,280.0,0.1749982049828869,19,280.0,3,930.0
170.0,32,0,16,99,131,0,212.0,6.625,3.151218947219188,16,313.0,0.1889987684784779,16,313.0,3,935.0
175.0,36,0,12,99,135,0,78.0,2.1666666666666665,4.918522940198382,12,278.0,0.2398780144794344,12,278.0,3,940.0
180.0,37,0,10,100,137,0,51.0,1.3783783783783785,5.564583827299817,10,191.0,0.240032514596463,10,191.0,3,945.0
185.0,39,0,4,102,141,0,27.0,0.6923076923076923,6.678478989806545,4,157.0,0.3424158223254976,4,157.0,3,950.0
190.0,37,0,4,106,143,0,44.0,1.1891891891891893,8.064728376911415,4,115.0,0.4737411661953969,4,115.0,3,955.0
195.0,34,0,4,112,146,0,64.0,1.8823529411764703,9.226184436005418,4,86.0,0.570937367059784,4,86.0,3,960.0
200.0,32,0,5,116,148,0,89.0,2.78125,9.182428935738985,5,91.0,0.5045003645123162,5,91.0,3,965.0
205.0,31,0,7,121,152,0,120.0,3.870967741935484,8.367299443402976,7,120.0,0.4366890712527468,7,120.0,3,970.0
210.0,30,0,2,126,156,0,11.0,0.3666666666666666,8.540525159717133,2,85.0,0.5332098747574752,2,85.0,3,975.0
215.0,28,0,1,132,160,0,3.0,0.1071428571428571,9.8454586725871,1,9.0,0.6080061799160744,1,9.0,3,980.0
220.0,25,0,4,138,163,0,18.0,0.72,9.696190590960825,4,18.0,0.5634599844979122,4,18.0,3,985.0
225.0,25,0,5,142,167,0,41.0,1.64,8.876019724690638,5,41.0,0.4658967825652227,5,41.0,3,990.0
230.0,22,0,3,147,169,0,7.0,0.3181818181818182,7.645776078658883,3,38.0,0.4327341102334381,3,38.0,3,995.0
235.0,20,0,1,153,173,0,1.0,0.05,8.740983994854744,1,10.0,0.5630222949671203,1,10.0,3,1000.0
240.0,24,0,1,153,177,0,6.0,0.25,11.29739455150939,1,6.0,0.752279762159992,1,6.0,3,1005.0
245.0,22,0,1,157,179,0,11.0,0.5,11.099666869895442,1,11.0,0.7343807835674017,1,11.0,3,1010.0
250.0,21,0,2,162,183,0,21.0,1.0,10.692380753111966,2,21.0,0.6610880148241793,2,21.0,3,1015.0
5.0,4,0,0,0,4,0,0.0,0.0,14.966099128759346,0,0.0,0.9948672356541352,0,0.0,4,1025.0
10.0,9,0,0,0,9,0,0.0,0.0,13.38937005164259,0,0.0,0.9271004852924428,0,0.0,4,1030.0
15.0,11,0,2,0,11,0,4.0,0.3636363636363636,9.91004708411656,2,4.0,0.6887171845044068,2,4.0,4,1035.0
20.0,14,0,4,0,14,0,18.0,1.2857142857142858,7.022633941794055,4,18.0,0.4226008326544783,4,18.0,4,1040.0
25.0,16,0,2,1,17,0,4.0,0.25,7.265249329637388,2,21.0,0.5162482954693284,2,21.0,4,1045.0
30.0,21,0,1,1,22,0,3.0,0.1428571428571428,10.1531108813599,1,7.0,0.6665038293489315,1,7.0,4,1050.0
35.0,21,0,2,2,23,0,10.0,0.4761904761904761,11.366207694407056,2,10.0,0.6994668565549534,2,10.0,4,1055.0
40.0,20,0,1,6,26,0,2.0,0.1,8.952788429219797,1,2.0,0.5229230393080807,1,2.0,4,1060.0
45.0,18,0,5,12,30,0,23.0,1.2777777777777777,8.54403988513726,5,23.0,0.5453180509175154,5,23.0,4,1065.0
50.0,21,0,7,13,34,0,51.0,2.4285714285714284,7.298313415131037,7,51.0,0.4275689248040104,7,51.0,4,1070.0
55.0,21,0,4,16,37,0,14.0,0.6666666666666666,5.978129101392329,4,55.0,0.3673272698223606,4,55.0,4,1075.0
60.0,23,0,0,17,40,0,0.0,0.0,7.536776425157846,0,21.0,0.4085567376578846,0,21.0,4,1080.0
65.0,25,0,3,18,43,0,8.0,0.32,9.460130920042914,3,12.0,0.5704835833645715,3,12.0,4,1085.0
70.0,26,0,2,21,47,0,2.0,0.0769230769230769,8.699436520490107,2,8.0,0.5453119875776969,2,8.0,4,1090.0
75.0,24,0,6,26,50,0,24.0,1.0,8.97085765544226,6,26.0,0.5286168795543866,6,26.0,4,1095.0
80.0,25,0,9,30,55,0,61.0,2.44,7.514521961940694,9,63.0,0.39512405245765,9,63.0,4,1100.0
85.0,24,0,6,34,58,0,28.0,1.1666666666666667,6.63812850648146,6,74.0,0.4132066931978572,6,74.0,4,1105.0
90.0,27,0,1,36,63,0,2.0,0.074074074074074,8.395097861935179,1,38.0,0.5323160431090967,1,38.0,4,1110.0
95.0,32,0,2,37,69,0,5.0,0.15625,9.561720708385286,2,9.0,0.5793954874305707,2,9.0,4,1115.0
100.0,32,0,2,41,73,0,3.0,0.09375,8.014333159788256,2,11.0,0.495170740966542,2,11.0,4,1120.0
105.0,30,0,8,45,75,0,30.0,1.0,6.641455273639707,8,34.0,0.3116248839393916,8,34.0,4,1125.0
110.0,31,0,14,49,80,0,86.0,2.774193548387097,5.893408583311179,14,90.0,0.2484786843048274,14,90.0,4,1130.0
115.0,32,0,13,53,85,0,83.0,2.59375,4.697709365937432,13,133.0,0.2598808444679581,13,133.0,4,1135.0
120.0,31,0,7,56,87,0,32.0,1.032258064516129,4.680447124725371,7,130.0,0.1940190155990808,7,130.0,4,1140.0
125.0,32,0,6,57,89,0,16.0,0.5,6.692383194329839,6,98.0,0.2459781846087478,6,98.0,4,1145.0
130.0,32,0,2,61,93,0,15.0,0.46875,8.74125364199331,2,69.0,0.4444477579082361,2,69.0,4,1150.0
135.0,30,0,2,65,95,0,25.0,0.8333333333333334,9.825842380350664,2,46.0,0.5925081093783481,2,46.0,4,1155.0
140.0,29,0,2,70,99,0,2.0,0.0689655172413793,8.996935355013996,2,20.0,0.5596471238688431,2,20.0,4,1160.0
145.0,26,0,7,75,101,0,25.0,0.9615384615384616,6.509223323034791,7,43.0,0.2826751479646774,7,43.0,4,1165.0
150.0,22,0,13,80,102,0,80.0,3.636363636363636,3.920648548797045,13,98.0,0.1886409695095026,13,98.0,4,1170.0
155.0,21,0,16,83,104,0,153.0,7.285714285714286,2.415020670960015,16,171.0,0.1027999535774379,16,171.0,4,1175.0
160.0,25,0,11,83,108,0,125.0,5.0,4.685570584758588,11,200.0,0.2804631531516868,11,200.0,4,1180.0
165.0,28,0,3,84,112,0,13.0,0.4642857142857143,6.909123010400478,3,153.0,0.3698192655725689,3,153.0,4,1185.0
170.0,33,0,1,85,118,0,2.0,0.0606060606060606,9.905728938639069,1,66.0,0.6091337955218604,1,66.0,4,1190.0
175.0,34,0,1,88,122,0,2.0,0.0588235294117647,8.677105533483855,1,55.0,0.524984678317077,1,55.0,4,1195.0
180.0,32,0,6,94,126,0,21.0,0.65625,7.185114379836741,6,74.0,0.3476494427026568,6,74.0,4,1200.0
185.0,31,0,11,97,128,0,67.0,2.161290322580645,5.150271103186931,11,121.0,0.1529442376436731,11,121.0,4,1205.0
190.0,28,0,12,103,131,0,63.0,2.25,4.075108266318248,12,137.0,0.2091547548940201,12,137.0,4,1210.0
195.0,29,0,5,106,135,0,26.0,0.896551724137931,5.913833336880317,5,103.0,0.2906300477569974,5,103.0,4,1215.0
200.0,31,0,1,106,137,0,5.0,0.1612903225806451,7.913802421496436,1,69.0,0.3273193120299246,1,69.0,4,1220.0
205.0,32,0,2,110,142,0,4.0,0.125,6.9468994546349325,2,68.0,0.3369560110477346,2,68.0,4,1225.0
210.0,29,0,8,116,145,0,32.0,1.103448275862069,4.819363043942041,8,96.0,0.2497471088458236,8,96.0,4,1230.0
215.0,28,0,13,118,146,0,89.0,3.1785714285714284,2.58899930104213,13,154.0,0.1311660759428779,13,154.0,4,1235.0
220.0,28,0,14,120,148,0,87.0,3.107142857142857,1.7094488329016635,14,186.0,0.0984854323358531,14,186.0,4,1240.0
225.0,30,0,11,120,150,0,52.0,1.7333333333333334,4.349439232046241,11,175.0,0.1691534547780248,11,175.0,4,1245.0
230.0,31,0,5,120,151,0,28.0,0.9032258064516128,7.134659729235247,5,128.0,0.2406643766856057,5,128.0,4,1250.0
235.0,33,0,2,124,157,0,2.0,0.0606060606060606,6.935222878350626,2,129.0,0.3497910815732156,2,129.0,4,1255.0
240.0,30,0,6,129,159,0,22.0,0.7333333333333333,5.080338711464921,6,149.0,0.2654756038043004,6,149.0,4,1260.0
245.0,28,0,13,132,160,0,75.0,2.6785714285714284,2.458118635389418,13,202.0,0.1073904986149775,13,202.0,4,1265.0
250.0,31,0,18,133,164,0,155.0,5.0,2.472578690824896,18,282.0,0.1255106266554022,18,282.0,4,1270.0
5.0,2,0,0,0,2,0,0.0,0.0,14.30698712248128,0,0.0,0.9288408197091044,0,0.0,5,1280.0
10.0,5,0,0,0,5,0,0.0,0.0,13.279643183070016,0,0.0,0.9070406916447504,0,0.0,5,1285.0
15.0,6,0,1,0,6,0,2.0,0.3333333333333333,9.853418366818198,1,2.0,0.690411371252937,1,2.0,5,1290.0
20.0,11,0,3,0,11,0,11.0,1.0,9.882305551339517,3,11.0,0.6347336821004541,3,11.0,5,1295.0
25.0,16,0,0,0,16,0,0.0,0.0,11.23263011737864,0,4.0,0.8183878036575836,0,4.0,5,1300.0
30.0,15,0,0,2,17,0,0.0,0.0,11.723778708559738,0,0.0,0.7880913458391552,0,0.0,5,1305.0
35.0,20,0,2,2,22,0,6.0,0.3,12.17361908581442,2,6.0,0.7246620255448091,2,6.0,5,1310.0
40.0,21,0,1,5,26,0,1.0,0.0476190476190476,12.044434392626508,1,1.0,0.8609851310720782,1,1.0,5,1315.0
45.0,21,0,1,11,32,0,6.0,0.2857142857142857,11.51585226160274,1,6.0,0.7371893810510248,1,6.0,5,1320.0
50.0,22,0,4,14,36,0,21.0,0.9545454545454546,9.746171533201531,4,21.0,0.6181377809299539,4,21.0,5,1325.0
55.0,21,0,8,19,40,0,47.0,2.238095238095238,6.546552358963698,8,47.0,0.3810665199339405,8,47.0,5,1330.0
60.0,23,0,5,20,43,0,22.0,0.9565217391304348,5.6250343187648815,5,57.0,0.334616911969287,5,57.0,5,1335.0
65.0,27,0,0,22,49,0,0.0,0.0,7.911588911147073,0,34.0,0.4958756135798913,0,34.0,5,1340.0
70.0,27,0,1,23,50,0,3.0,0.1111111111111111,9.898975714038654,1,9.0,0.5967457789642078,1,9.0,5,1345.0
75.0,26,0,2,27,53,0,11.0,0.4230769230769231,10.200218005472278,2,11.0,0.6265160820644013,2,11.0,5,1350.0
80.0,25,0,1,31,56,0,1.0,0.04,8.859338435905428,1,5.0,0.5406310125919576,1,5.0,5,1355.0
85.0,23,0,4,37,60,0,19.0,0.8260869565217391,8.916926575393422,4,19.0,0.4996240010753444,4,19.0,5,1360.0
90.0,22,0,9,41,63,0,53.0,2.409090909090909,6.969146220060796,9,53.0,0.3386967108539019,9,53.0,5,1365.0
95.0,24,0,12,44,68,0,104.0,4.333333333333333,5.874105100872594,12,104.0,0.3555985186343744,12,104.0,5,1370.0
100.0,22,0,14,47,69,0,170.0,7.727272727272727,4.408534243906402,14,170.0,0.2458833654531737,14,170.0,5,1375.0
105.0,25,0,9,47,72,0,106.0,4.24,4.549324670118704,9,187.0,0.2482537599063281,9,187.0,5,1380.0
110.0,27,0,4,49,76,0,9.0,0.3333333333333333,6.077388373140355,4,135.0,0.3391739908211221,4,135.0,5,1385.0
115.0,29,0,3,49,78,0,22.0,0.7586206896551724,8.112840102486427,3,58.0,0.408191480409052,3,58.0,5,1390.0
120.0,30,0,4,52,82,0,38.0,1.2666666666666666,9.56605773730642,4,40.0,0.5802484130868454,4,40.0,5,1395.0
125.0,29,0,1,57,86,0,1.0,0.0344827586206896,8.576390163937939,1,20.0,0.5386408576448506,1,20.0,5,1400.0
130.0,28,0,7,61,89,0,22.0,0.7857142857142857,7.60834675713668,7,22.0,0.3220162693081379,7,22.0,5,1405.0
135.0,24,0,12,67,91,0,71.0,2.958333333333333,5.439871966629262,12,71.0,0.2431939704927933,12,71.0,5,1410.0
140.0,24,0,7,71,95,0,54.0,2.25,4.793371605214326,7,98.0,0.2803882591278192,7,98.0,5,1415.0
145.0,26,0,3,73,99,0,7.0,0.2692307692307692,6.86701482925991,3,80.0,0.400397028502604,3,80.0,5,1420.0
150.0,27,0,1,73,100,0,9.0,0.3333333333333333,9.444266144632929,1,30.0,0.5393478597114169,1,30.0,5,1425.0
155.0,29,0,3,76,105,0,4.0,0.1379310344827586,8.444757180691859,3,25.0,0.4985939115543071,3,25.0,5,1430.0
160.0,27,0,8,81,108,0,35.0,1.2962962962962965,8.04327398220585,8,56.0,0.4316290864882849,8,56.0,5,1435.0
165.0,24,0,12,85,109,0,85.0,3.5416666666666665,5.031482452367403,12,106.0,0.1223183211934498,12,106.0,5,1440.0
170.0,26,0,9,88,114,0,64.0,2.4615384615384617,5.972311888883369,9,127.0,0.3270035813125695,9,127.0,5,1445.0
175.0,27,0,1,91,118,0,3.0,0.1111111111111111,7.075708720093404,1,84.0,0.4190836973847485,1,84.0,5,1450.0
180.0,29,0,2,92,121,0,9.0,0.3103448275862069,8.871078436669334,2,29.0,0.4952968448234069,2,29.0,5,1455.0
185.0,30,0,2,95,125,0,19.0,0.6333333333333333,10.48163719056878,2,19.0,0.7363839449449046,2,19.0,5,1460.0
190.0,31,0,1,99,130,0,1.0,0.032258064516129,8.060255039367782,1,2.0,0.497794118828788,1,2.0,5,1465.0
195.0,30,0,5,105,135,0,22.0,0.7333333333333333,8.495045130029137,5,22.0,0.488523236801976,5,22.0,5,1470.0
200.0,31,0,10,110,141,0,62.0,2.0,6.896451437168027,10,62.0,0.3850860310143776,10,62.0,5,1475.0
205.0,34,0,10,113,147,0,47.0,1.3823529411764706,5.825443168509478,10,92.0,0.3479770728883768,10,92.0,5,1480.0
210.0,34,0,8,117,151,0,23.0,0.6764705882352942,5.610811468906206,8,90.0,0.3073698909423893,8,90.0,5,1485.0
215.0,38,0,6,117,155,0,32.0,0.8421052631578947,7.359200753283973,6,80.0,0.3785615093098699,6,80.0,5,1490.0
220.0,38,0,8,121,159,0,64.0,1.6842105263157894,7.912097423708043,8,83.0,0.424705745626953,8,83.0,5,1495.0
225.0,34,0,8,126,160,0,104.0,3.0588235294117645,8.126642401871909,8,109.0,0.4287151123997602,8,109.0,5,1500.0
230.0,33,0,6,131,164,0,37.0,1.121212121212121,6.499182924461088,6,107.0,0.3363396769787161,6,107.0,5,1505.0
235.0,32,0,6,136,168,0,23.0,0.71875,7.302813789559122,6,65.0,0.4074838463900185,6,65.0,5,1510.0
240.0,30,0,11,140,170,0,67.0,2.2333333333333334,7.37767854129419,11,70.0,0.3116120790647073,11,70.0,5,1515.0
245.0,29,0,15,145,174,0,131.0,4.517241379310345,6.020162830849725,15,134.0,0.2714674131522426,15,134.0,5,1520.0
250.0,30,0,16,148,178,0,208.0,6.933333333333334,5.262903464985063,16,211.0,0.27592964523477,16,211.0,5,1525.0
